Consulta,impulso_viral,categoria
acta de matrimonio en linea del estado de mexico,5000,matrimonio
amor invitados especiales matrimonio y divorcio,5000,matrimonio
el juego del matrimonio,5000,matrimonio
mi matrimonio relámpago con la ceo doblado,5000,matrimonio
en que mano va el anillo de matrimonio hombre y mujer,5000,matrimonio
acta de matrimonio en linea puebla,5000,matrimonio
secretos de un matrimonio,5000,matrimonio
voy a cambiar a mi marido con un matrimonio depredador manhwa,300,matrimonio
iniciativa 18 vals matrimonio de amor,200,matrimonio
en que mano va el anillo de matrimonio hombre,200,matrimonio
ayuda por matrimonio imss,150,matrimonio
imprimir acta de matrimonio,110,matrimonio
matrimonio por contrato,110,matrimonio
a pesar de ser odiada tendré un matrimonio por contrato,110,matrimonio
acta matrimonio,100,matrimonio
acta de matrimonio falsa,100,matrimonio
llave mx,100,matrimonio
acta de matrimonio,95,matrimonio
solicitud de matrimonio cdmx,90,matrimonio
un matrimonio al rojo vivo,80,matrimonio
en que mano va el anillo de matrimonio,80,matrimonio
matrimonio depredador manhwa,70,matrimonio
en que dedo va el anillo de matrimonio,60,matrimonio
acta matrimonio en linea,28,matrimonio
acta de matrimonio en linea,26,matrimonio
que es matrimonio,24,matrimonio
registro civil,18,matrimonio
registro civil matrimonio,18,matrimonio
anillos de matrimonio,17,matrimonio
que es el matrimonio,15,matrimonio
anillo de matrimonio,15,matrimonio
actas de matrimonio,14,matrimonio
sacar acta de matrimonio,11,matrimonio
acta de nacimiento,10,matrimonio
argollas de matrimonio,10,matrimonio
mi matrimonio relámpago con la ceo,9,matrimonio
solicitud de matrimonio,9,matrimonio
divorcio,8,matrimonio
acta de no matrimonio,7,matrimonio
matrimonio lavanda,7,matrimonio
retiro por matrimonio,7,matrimonio
constancia de inexistencia de matrimonio,6,matrimonio
ayuda por matrimonio,6,matrimonio
acta de matrimonio certificada,5,matrimonio
requisitos para matrimonio civil,5,matrimonio
un matrimonio al rojo vivo,5,matrimonio
RISING,0,matrimonio
karla bustillos only fans,5000,onlyfans
alemia rojas only fans,5000,onlyfans
briurdaneta only fans,5000,onlyfans
sugey abrego only fans,5000,onlyfans
vita celestine only fans,5000,onlyfans
onlyfans logo,3900,onlyfans
adriana olivarez only fans,300,onlyfans
katelyn marie only fans,250,onlyfans
gomita only fans,200,onlyfans
fanova,190,onlyfans
only fans alejandra quiroz,140,onlyfans
kim shantal only fans,120,onlyfans
xxx only fans,100,onlyfans
la nicholette only fans,100,onlyfans
only fans login,100,onlyfans
only fans apk,90,onlyfans
only fans videos,60,onlyfans
lady dusha only fans,60,onlyfans
sophie rain,60,onlyfans
sophie rain only fans,60,onlyfans
fairybaby only fans,40,onlyfans
onlyfans,32,onlyfans
only telegram,24,onlyfans
only fans telegram,24,onlyfans
erome only fans,22,onlyfans
karely ruiz,15,onlyfans
only fans karely ruiz,15,onlyfans
only fans mexicanas,8,onlyfans
mona only fans,6,onlyfans
only fans apk,6,onlyfans
yajana cano only fans,6,onlyfans
only fans famosas,5,onlyfans
only fans free,5,onlyfans
que es only fans,5,onlyfans
maya nazor only fans,4,onlyfans
only fans login,3,onlyfans
sugey abrego only fans,3,onlyfans
sophie rain,3,onlyfans
adriana olivarez only fans,2,onlyfans
briurdaneta only fans,2,onlyfans
only fans alejandra quiroz,2,onlyfans
sophie rain only fans,2,onlyfans
fanova,2,onlyfans
katelyn marie only fans,1,onlyfans
RISING,0,onlyfans
cuantas semanas faltan para el 14 de febrero,5000,relacionadas_14feb_2026
cosas para vender el 14 de febrero,5000,relacionadas_14feb_2026
regalos del 14 de febrero para hombre,4200,relacionadas_14feb_2026
cuántos días falta para el 14 de febrero,250,relacionadas_14feb_2026
planes para el 14 de febrero,170,relacionadas_14feb_2026
historia del 14 de febrero,160,relacionadas_14feb_2026
valentin elizalde 14 de febrero,110,relacionadas_14feb_2026
14 febrero,100,relacionadas_14feb_2026
14 de febrero,94,relacionadas_14feb_2026
cuantos dias faltan para 14 de febrero,90,relacionadas_14feb_2026
en qué día cae el 14 de febrero,80,relacionadas_14feb_2026
juegos para el 14 de febrero,80,relacionadas_14feb_2026
que se festeja el 14 de febrero,70,relacionadas_14feb_2026
juegos para el 14 de febrero en la escuela,70,relacionadas_14feb_2026
regalo 14 de febrero para hombre,70,relacionadas_14feb_2026
cuantos dias faltan para el 14 de febrero del 2026,60,relacionadas_14feb_2026
periodico mural 14 de febrero,50,relacionadas_14feb_2026
regalos para el 14 de febrero para mi novio,50,relacionadas_14feb_2026
por qué se celebra el 14 de febrero,50,relacionadas_14feb_2026
tarjeta 14 de febrero,50,relacionadas_14feb_2026
regalos 14 febrero,6,relacionadas_14feb_2026
14 de febrero 2026,6,relacionadas_14feb_2026
regalos de 14 de febrero,6,relacionadas_14feb_2026
regalos para 14 de febrero,5,relacionadas_14feb_2026
uñas 14 febrero,4,relacionadas_14feb_2026
uñas de 14 de febrero,3,relacionadas_14feb_2026
regalos para el 14 de febrero,3,relacionadas_14feb_2026
uñas 14 de febrero,3,relacionadas_14feb_2026
regalo de 14 de febrero,3,relacionadas_14feb_2026
regalo 14 de febrero,3,relacionadas_14feb_2026
clima 14 de febrero,2,relacionadas_14feb_2026
14 de febrero decoracion,2,relacionadas_14feb_2026
decoracion 14 febrero,2,relacionadas_14feb_2026
imagenes de 14 de febrero,2,relacionadas_14feb_2026
dibujos 14 de febrero,2,relacionadas_14feb_2026
dibujos de 14 de febrero,2,relacionadas_14feb_2026
manualidades 14 de febrero,2,relacionadas_14feb_2026
frases de 14 de febrero,2,relacionadas_14feb_2026
imagenes 14 de febrero,2,relacionadas_14feb_2026
frases 14 de febrero,2,relacionadas_14feb_2026
imágenes de 14 de febrero,2,relacionadas_14feb_2026
ideas para el 14 de febrero,2,relacionadas_14feb_2026
regalo para 14 de febrero,2,relacionadas_14feb_2026
RISING,0,relacionadas_14feb_2026
doctoralia,300,terapia
terapia transpersonal,250,terapia
terapia craneosacral,150,terapia
serie terapia sin filtro,130,terapia
terapia dialectica conductual,130,terapia
terapia de choque en psicologia,100,terapia
terapia conductual,100,terapia
terapia online,100,terapia
terapia intensiva,90,terapia
terapia humanista,80,terapia
biomagnetismo terapia,80,terapia
terapia fisica,76,terapia
terapia de lenguaje,61,terapia
terapia cognitivo conductual,59,terapia
terapia de pareja,51,terapia
radio terapia,50,terapia
terapia emdr,50,terapia
terapia holistica que es,50,terapia
terapia de choque,46,terapia
terapia ocupacional,43,terapia
terapia psicologica,42,terapia
que es la terapia de choque,40,terapia
terapia neural,30,terapia
terapia psicológica,26,terapia
terapia cognitiva,26,terapia
terapia sin filtro,25,terapia
terapia emdr,21,terapia
terapia gestalt,19,terapia
terapia sistemica,16,terapia
terapia infantil,14,terapia
terapia online,12,terapia
terapia cognitiva conductual,12,terapia
radio terapia,12,terapia
terapia para llevar,11,terapia
terapia transpersonal,11,terapia
que es terapia intensiva,11,terapia
terapia de lenguaje para niños,11,terapia
biomagnetismo terapia,9,terapia
RISING,0,terapia
tender,5000,tinder
que es tinder,100,tinder
tinder es gratis,90,tinder
el estafador de tinder,70,tinder
tinder gratis,59,tinder
tinder app,55,tinder
tinder gratis,50,tinder
badoo,34,tinder
tinder mexico,34,tinder
bumble,29,tinder
tender,22,tinder
tinder es gratis,16,tinder
el estafador de tinder,12,tinder
RISING,0,tinder
